Diet,Bodyweight,Size
,21.51,14.54
,28.14,19.86
,24.04,17.17
,23.45,19.11
,23.68,16.73
,19.79,15.79
,28.4,21.17
,20.98,15.24
,22.51,18.14
,20.1,15.08
,26.91,18.06
,26.25,20.99
,29.71,17.92
,30.369999999999997,16.95
,26.799999999999997,14.65
,29.340000000000003,15.97
,28.97,16.85
,32.14,17.38
,33.58,20.73
,34.92,21.05
,38.02,21.39
,25.9,15.66
,35.53,19.44
,24.729999999999997,15.2
